{
    "data":
    [
        {
            "id": "G01",
            "area_name": "宜蘭市"
        },
        {
            "id": "G06",
            "area_name": "羅東鎮"
        },
        {
            "id": "G09",
            "area_name": "蘇澳鎮"
        },
        {
            "id": "G02",
            "area_name": "頭城鎮"
        },
        {
            "id": "G03",
            "area_name": "礁溪鄉"
        },
        {
            "id": "G04",
            "area_name": "壯圍鄉"
        },
        {
            "id": "G05",
            "area_name": "員山鄉"
        },
        {
            "id": "G08",
            "area_name": "冬山鄉"
        },
        {
            "id": "G07",
            "area_name": "五結鄉"
        },
        {
            "id": "G10",
            "area_name": "三星鄉"
        },
        {
            "id": "G11",
            "area_name": "大同鄉"
        },
        {
            "id": "G12",
            "area_name": "南澳鄉"
        }
    ]
}