{
    "data":
    [
        {
            "id": "W03",
            "area_name": "金城鎮"
        },
        {
            "id": "W02",
            "area_name": "金沙鎮"
        },
        {
            "id": "W01",
            "area_name": "金湖鎮"
        },
        {
            "id": "W04",
            "area_name": "金寧鄉"
        },
        {
            "id": "W05",
            "area_name": "烈嶼鄉"
        },
        {
            "id": "W06",
            "area_name": "烏坵鄉"
        }
    ]
}