{
    "data":
    [
        {
            "id": "C01",
            "area_name": "中正區"
        },
        {
            "id": "C02",
            "area_name": "七堵區"
        },
        {
            "id": "C03",
            "area_name": "暖暖區"
        },
        {
            "id": "C04",
            "area_name": "仁愛區"
        },
        {
            "id": "C05",
            "area_name": "中山區"
        },
        {
            "id": "C06",
            "area_name": "安樂區"
        },
        {
            "id": "C07",
            "area_name": "信義區"
        }
    ]
}