{
    "data":
    [
        {
            "id": "X01",
            "area_name": "馬公市"
        },
        {
            "id": "X02",
            "area_name": "湖西鄉"
        },
        {
            "id": "X03",
            "area_name": "白沙鄉"
        },
        {
            "id": "X04",
            "area_name": "西嶼鄉"
        },
        {
            "id": "X05",
            "area_name": "望安鄉"
        },
        {
            "id": "X06",
            "area_name": "七美鄉"
        }
    ]
}