{
    "data":
    [
        {
            "id": "N01",
            "area_name": "彰化市"
        },
        {
            "id": "N02",
            "area_name": "鹿港鎮"
        },
        {
            "id": "N03",
            "area_name": "和美鎮"
        },
        {
            "id": "N09",
            "area_name": "線西鄉"
        },
        {
            "id": "N10",
            "area_name": "伸港鄉"
        },
        {
            "id": "N11",
            "area_name": "福興鄉"
        },
        {
            "id": "N12",
            "area_name": "秀水鄉"
        },
        {
            "id": "N13",
            "area_name": "花壇鄉"
        },
        {
            "id": "N14",
            "area_name": "芬園鄉"
        },
        {
            "id": "N05",
            "area_name": "員林市"
        },
        {
            "id": "N06",
            "area_name": "溪湖鎮"
        },
        {
            "id": "N07",
            "area_name": "田中鎮"
        },
        {
            "id": "N15",
            "area_name": "大村鄉"
        },
        {
            "id": "N16",
            "area_name": "埔鹽鄉"
        },
        {
            "id": "N17",
            "area_name": "埔心鄉"
        },
        {
            "id": "N18",
            "area_name": "永靖鄉"
        },
        {
            "id": "N19",
            "area_name": "社頭鄉"
        },
        {
            "id": "N20",
            "area_name": "二水鄉"
        },
        {
            "id": "N04",
            "area_name": "北斗鎮"
        },
        {
            "id": "N08",
            "area_name": "二林鎮"
        },
        {
            "id": "N21",
            "area_name": "田尾鄉"
        },
        {
            "id": "N22",
            "area_name": "埤頭鄉"
        },
        {
            "id": "N23",
            "area_name": "芳苑鄉"
        },
        {
            "id": "N24",
            "area_name": "大城鄉"
        },
        {
            "id": "N25",
            "area_name": "竹塘鄉"
        },
        {
            "id": "N26",
            "area_name": "溪州鄉"
        }
    ]
}