{
    "id": 1,
    "name": "清水斷崖獨木舟日出團",
    "place": "清水斷崖",
    "description": "清水斷崖位在花蓮縣秀林鄉的臨海斷崖，是蘇花公路上著名的景點，也是屢屢被票選為台灣十大地景之一。以前僅能透過蘇花公路上的休憩點看清水斷崖，現在我們帶您划著獨木舟從海上一探清水斷崖的美，絕美日出、接近90度的垂直峭壁、海浪拍打在斷崖激起的浪花、板塊擠壓的岩層地形等，都可以透過本次活動帶您一探究竟。活動結束後立刻享受手作早點犒賞自己，度過美好晨光。",
    "star": 3
}